-1.0,-1.0,-1.0,-1.0,-1.0,-1.0,-1.0,-1.0,-1.0,-1.0,-1.0,-1.0
-1.0,-1.0,-1.0,-1.0,-1.0,-1.0,-1.0,-1.0,-1.0,-1.0,-1.0,-1.0
0.0,0.0,0.0,0.0,0.0,0.0,0.0,0.0,0.0,0.0,0.0,0.0
0.30918791307372295,0.30918791307372295,0.30918791307372295,-3.234513096367228,0.30918791307372295,0.30918791307372295,0.30918791307372295,0.30918791307372295,0.30918791307372295,0.30918791307372295,0.30918791307372295,-3.234513096367228
-0.3402387645907802,1.6526141078838175,-0.6767243314855225,0.0,-0.3402387645907802,-0.6767243314855225,0.23498711139257678,-0.6767243314855225,-0.3402387645907802,-1.2519502074688795,-0.6767243314855225,0.0
1.0967041662709258,0.04722599305560278,0.04722599305560278,-1.0,0.04722599305560278,1.0967041662709258,-0.4775130935520587,-1.0022521801597202,-1.0022521801597202,-1.0022521801597202,0.5719650796632643,-1.0
-1.0,1.0,-1.0,-1.0,1.0,-1.0,1.0,-1.0,1.0,1.0,-1.0,-1.0
-1.0,-1.0,-1.0,-1.0,-1.0,-1.0,-1.0,-1.0,-1.0,-1.0,-1.0,-1.0
-1.0,-1.0,-1.0,-1.0,-1.0,-1.0,-1.0,-1.0,-1.0,-1.0,-1.0,-1.0
-2.446043165467626,-0.7642716995234982,-2.446043165467626,0.0,-0.2659690429474603,-2.446043165467626,-1.356006104207543,-2.446043165467626,-0.2659690429474603,4.094179202092871,-2.446043165467626,0.0
-0.24097494863154706,1.9803654469444316,-0.8379914509840762,-0.8379914509840762,-0.471255805443032,-0.5819073491100745,0.09817986891491412,-0.8379914509840762,-0.8379914509840762,-0.8379914509840762,-0.7073537229411824,-0.8379914509840762
-1.0,1.0,-1.0,1.0,-1.0,-1.0,-1.0,-1.0,-1.0,-1.0,-1.0,1.0
-0.16989594669116745,24.31784500043588,-0.16989594669116745,2.2788781480215374,-0.16989594669116745,-0.16989594669116745,-0.16989594669116745,-0.16989594669116745,-0.16989594669116745,-0.16989594669116745,-0.16989594669116745,2.2788781480215374
0.0,-0.5364591779626391,0.0,1.383949894750324,0.0,0.0,0.0,0.0,0.0,0.0,0.0,1.383949894750324
-0.5077224524862195,-0.5077224524862195,-0.5077224524862195,-0.5077224524862195,-0.5077224524862195,-0.5077224524862195,-0.5077224524862195,-0.5077224524862195,-0.5077224524862195,-0.5077224524862195,-0.5077224524862195,-0.5077224524862195
-0.8700053950135924,-0.8700053950135924,-0.8700053950135924,-0.8700053950135924,-0.8700053950135924,-0.8700053950135924,-0.8700053950135924,-0.8700053950135924,-0.8700053950135924,-0.8700053950135924,-0.8700053950135924,-0.8700053950135924
0.026205950473936392,1.8704253214638973,-0.7033676826920172,-1.096933728981207,-0.21624949762990653,-0.3327510165778624,0.38329135654449087,-1.096933728981207,-0.6173030170247277,-1.096933728981207,-0.4648295453855011,-1.096933728981207
-1.0,1.0,-1.0,-1.0,-1.0,-1.0,-1.0,-1.0,-1.0,-1.0,-1.0,-1.0
-1.7085184654258099,-0.7423204768377565,0.017571891411210894,0.05081001913250799,0.48175953717415454,0.7109880042175835,1.0101311537092583,1.2175829163835616,1.3619968506209221,1.3906504090013507,1.5751793249713113,1.6015405986813054
-1.1399197665626288,-0.8600002234185871,-0.26690704187418485,-0.2334691789991031,0.2569483276983891,0.5608372192141633,1.0023534902382047,1.3384207641199766,1.5868163169063,1.6375111544197933,1.9751710809975136,2.0249889136962587
-1.0,1.0,-1.0,1.0,-1.0,-1.0,-1.0,-1.0,-1.0,-1.0,-1.0,1.0
-1.0,-1.0,-1.0,-1.0,-1.0,-1.0,-1.0,-1.0,-1.0,-1.0,-1.0,-1.0
-1.0,-1.0,-1.0,-1.0,-1.0,-1.0,-1.0,-1.0,-1.0,-1.0,-1.0,-1.0
-1.0,-1.0,-1.0,-1.0,-1.0,-1.0,-1.0,-1.0,-1.0,-1.0,-1.0,-1.0
-1.0,-1.0,-1.0,-1.0,-1.0,-1.0,-1.0,-1.0,-1.0,-1.0,-1.0,-1.0
-1.0,-1.0,-1.0,-1.0,-1.0,-1.0,-1.0,-1.0,-1.0,-1.0,-1.0,-1.0
1.337810426714739,-0.8763231350802756,0.12695613510809048,0.0,0.5305742323103066,1.337810426714739,0.934192329512523,0.12695613510809048,0.5305742323103066,-1.0838981564985581,1.337810426714739,0.0
1.4516825767754173,-0.8386833366316203,-0.2788056493287897,0.0,0.16983944632785655,1.4516825767754173,0.7466688550292592,-0.2788056493287897,0.16983944632785655,-0.8556350580301921,1.4516825767754173,0.0
1.4965912411460476,-0.772441449632788,-0.49006343445140743,0.0,-0.10114161965190568,1.4965912411460476,0.5400538047472733,-0.49006343445140743,-0.10114161965190568,-0.7738712452510439,1.4965912411460476,0.0
-1.0,-1.0,-1.0,-1.0,-1.0,-1.0,-1.0,-1.0,-1.0,-1.0,-1.0,-1.0
1.0,1.0,1.0,1.0,1.0,1.0,1.0,1.0,1.0,1.0,1.0,1.0
1.0,0.0,0.0,0.0,0.0,0.0,0.0,0.0,0.0,0.0,0.0,0.0
-0.768595041322314,-0.9541666666666667,-0.9541666666666667,-0.9541666666666667,-0.014925373134328401,-0.014925373134328401,-0.014925373134328401,0.48571428571428577,0.48571428571428577,0.48571428571428577,0.48571428571428577,0.48571428571428577
0.04722599305560278,0.04722599305560278,0.04722599305560278,0.04722599305560278,0.04722599305560278,0.04722599305560278,0.04722599305560278,-1.0022521801597202,-1.0022521801597202,-1.0022521801597202,-1.0022521801597202,-1.0022521801597202
1.0,1.0,1.0,1.0,1.0,1.0,1.0,1.0,1.0,1.0,1.0,1.0
-0.9153528241236797,-0.8109875735775016,-0.8109875735775016,-0.8109875735775016,-1.2569118259111718,-1.2569118259111718,-1.2569118259111718,-0.8109875735775016,-0.8109875735775016,-0.8109875735775016,-0.8109875735775016,-0.8109875735775016
-1.0,-1.0,-1.0,-1.0,-1.0,-1.0,-1.0,-1.0,-1.0,-1.0,-1.0,-1.0
-1.0,-1.0,-1.0,-1.0,-1.0,-1.0,-1.0,-1.0,-1.0,-1.0,-1.0,-1.0
0.18935909253777655,0.08120845976726009,0.08120845976726009,0.08120845976726009,-0.838928682527586,-0.838928682527586,-0.838928682527586,-1.1423607189301805,-1.1423607189301805,-1.1423607189301805,-1.1423607189301805,-1.1423607189301805
-0.705811769966464,-0.44613805555704045,-0.44613805555704045,-0.44613805555704045,0.0,0.0,0.0,-0.3578572530666546,-0.3578572530666546,-0.3578572530666546,-0.3578572530666546,-0.3578572530666546
-0.5077224524862195,-0.5077224524862195,-0.5077224524862195,-0.5077224524862195,-0.5077224524862195,-0.5077224524862195,-0.5077224524862195,-0.5077224524862195,-0.5077224524862195,-0.5077224524862195,-0.5077224524862195,-0.5077224524862195
-0.8700053950135924,-0.8700053950135924,-0.8700053950135924,-0.8700053950135924,-0.8700053950135924,-0.8700053950135924,-0.8700053950135924,-0.8700053950135924,-0.8700053950135924,-0.8700053950135924,-0.8700053950135924,-0.8700053950135924
0.7118114703156233,1.6602292213472265,1.6602292213472265,1.6602292213472265,-0.017762162850330287,-0.017762162850330287,-0.017762162850330287,-1.096933728981207,-1.096933728981207,-1.096933728981207,-1.096933728981207,-1.096933728981207
1.0,1.0,1.0,1.0,-1.0,-1.0,-1.0,1.0,1.0,1.0,1.0,1.0
-1.0,-1.0,-1.0,-1.0,-1.0,-1.0,-1.0,-1.0,-1.0,-1.0,-1.0,-1.0
-1.0,-1.0,-1.0,-1.0,-1.0,-1.0,-1.0,-1.0,-1.0,-1.0,-1.0,-1.0
-1.0,-1.0,-1.0,-1.0,-1.0,-1.0,-1.0,-1.0,-1.0,-1.0,-1.0,-1.0
-1.0,-1.0,-1.0,-1.0,-1.0,-1.0,-1.0,-1.0,-1.0,-1.0,-1.0,-1.0
-1.0,-1.0,-1.0,-1.0,-1.0,-1.0,-1.0,-1.0,-1.0,-1.0,-1.0,-1.0
-0.4655895820611206,-0.8484542664639321,-0.8484542664639321,-0.8484542664639321,0.8974997752214124,0.8974997752214124,0.8974997752214124,0.4296697080097526,0.4296697080097526,0.4296697080097526,0.4296697080097526,0.4296697080097526
-0.7052259410487491,-0.8338259214357717,-0.8338259214357717,-0.8338259214357717,0.6889329454347204,0.6889329454347204,0.6889329454347204,0.045660893065749136,0.045660893065749136,0.045660893065749136,0.045660893065749136,0.045660893065749136
-0.7360823239475353,-0.7717847809355374,-0.7717847809355374,-0.7717847809355374,0.4696803344510448,0.4696803344510448,0.4696803344510448,-0.21955911478300397,-0.21955911478300397,-0.21955911478300397,-0.21955911478300397,-0.21955911478300397
-1.0,-1.0,-1.0,-1.0,-1.0,-1.0,-1.0,-1.0,-1.0,-1.0,-1.0,-1.0
-1.0,-1.0,-1.0,-1.0,-1.0,-1.0,-1.0,-1.0,-1.0,-1.0,-1.0,-1.0
-1.0,-1.0,-1.0,-1.0,-1.0,-1.0,-1.0,-1.0,-1.0,-1.0,-1.0,-1.0
-1.0,-1.0,-1.0,-1.0,1.0,1.0,1.0,-1.0,-1.0,-1.0,-1.0,-1.0
-1.0,1.0,1.0,1.0,-1.0,-1.0,-1.0,1.0,1.0,1.0,1.0,1.0
-1.0,-1.0,-1.0,-1.0,-1.0,-1.0,-1.0,-1.0,-1.0,-1.0,-1.0,-1.0
-1.0,-1.0,-1.0,-1.0,-1.0,-1.0,-1.0,-1.0,-1.0,-1.0,-1.0,-1.0
1.0,-1.0,-1.0,-1.0,-1.0,-1.0,-1.0,-1.0,-1.0,-1.0,-1.0,-1.0
-1.0,-1.0,-1.0,-1.0,-1.0,-1.0,-1.0,-1.0,-1.0,-1.0,-1.0,-1.0
-1.0,-1.0,-1.0,-1.0,-1.0,-1.0,-1.0,-1.0,-1.0,-1.0,-1.0,-1.0
-1.0,-1.0,-1.0,-1.0,-1.0,-1.0,-1.0,-1.0,-1.0,-1.0,-1.0,-1.0
-1.0,-1.0,-1.0,-1.0,-1.0,-1.0,-1.0,-1.0,-1.0,-1.0,-1.0,-1.0
-1.0,-1.0,-1.0,-1.0,-1.0,-1.0,-1.0,-1.0,-1.0,-1.0,-1.0,-1.0
-1.0,-1.0,-1.0,-1.0,-1.0,-1.0,-1.0,-1.0,-1.0,-1.0,-1.0,-1.0
-1.0,-1.0,-1.0,-1.0,-1.0,-1.0,-1.0,-1.0,-1.0,-1.0,-1.0,-1.0
-1.0,-1.0,-1.0,-1.0,-1.0,-1.0,-1.0,-1.0,-1.0,-1.0,-1.0,-1.0
-1.0,-1.0,-1.0,-1.0,-1.0,-1.0,-1.0,-1.0,-1.0,-1.0,-1.0,-1.0
-1.0,-1.0,-1.0,-1.0,-1.0,-1.0,-1.0,-1.0,-1.0,-1.0,-1.0,-1.0
-1.0,-1.0,-1.0,-1.0,-1.0,-1.0,-1.0,-1.0,-1.0,-1.0,-1.0,-1.0
-1.0,-1.0,-1.0,-1.0,-1.0,-1.0,-1.0,-1.0,-1.0,-1.0,-1.0,-1.0
-1.0,-1.0,-1.0,-1.0,-1.0,-1.0,-1.0,-1.0,-1.0,-1.0,-1.0,-1.0
-1.0,-1.0,-1.0,-1.0,-1.0,-1.0,-1.0,-1.0,-1.0,-1.0,-1.0,-1.0
0.0,1.0,1.0,1.0,1.0,1.0,1.0,1.0,1.0,1.0,1.0,1.0
0.0,0.0,0.0,0.0,0.0,0.0,0.0,0.0,0.0,0.0,0.0,0.0
0.0,-0.7594501718213058,-0.7594501718213058,-0.7594501718213058,-0.7594501718213058,-0.7594501718213058,-0.7594501718213058,-0.7594501718213058,-0.7594501718213058,-0.7594501718213058,-0.7594501718213058,-0.7594501718213058
0.0,0.04722599305560278,0.04722599305560278,0.04722599305560278,0.04722599305560278,0.04722599305560278,0.04722599305560278,0.04722599305560278,0.04722599305560278,0.04722599305560278,0.04722599305560278,0.04722599305560278
0.0,1.0,1.0,1.0,1.0,1.0,1.0,1.0,1.0,1.0,1.0,1.0
0.0,-0.8648905051782749,-0.8648905051782749,-0.8648905051782749,-0.8648905051782749,-0.8648905051782749,-0.8648905051782749,-0.8648905051782749,-0.8648905051782749,-0.8648905051782749,-0.8648905051782749,-0.8648905051782749
0.0,-1.0,-1.0,-1.0,-1.0,-1.0,-1.0,-1.0,-1.0,-1.0,-1.0,-1.0
0.0,-1.0,-1.0,-1.0,-1.0,-1.0,-1.0,-1.0,-1.0,-1.0,-1.0,-1.0
0.0,0.1712478727717001,0.1712478727717001,0.1712478727717001,0.1712478727717001,0.1712478727717001,0.1712478727717001,0.1712478727717001,0.1712478727717001,0.1712478727717001,0.1712478727717001,0.1712478727717001
0.0,-0.6418433202785101,-0.6418433202785101,-0.6418433202785101,-0.6418433202785101,-0.6418433202785101,-0.6418433202785101,-0.6418433202785101,-0.6418433202785101,-0.6418433202785101,-0.6418433202785101,-0.6418433202785101
0.0,-0.5077224524862195,-0.5077224524862195,-0.5077224524862195,-0.5077224524862195,-0.5077224524862195,-0.5077224524862195,-0.5077224524862195,-0.5077224524862195,-0.5077224524862195,-0.5077224524862195,-0.5077224524862195
0.0,-0.8700053950135924,-0.8700053950135924,-0.8700053950135924,-0.8700053950135924,-0.8700053950135924,-0.8700053950135924,-0.8700053950135924,-0.8700053950135924,-0.8700053950135924,-0.8700053950135924,-0.8700053950135924
0.0,0.7539080226586461,0.7539080226586461,0.7539080226586461,0.7539080226586461,0.7539080226586461,0.7539080226586461,0.7539080226586461,0.7539080226586461,0.7539080226586461,0.7539080226586461,0.7539080226586461
0.0,1.0,1.0,1.0,1.0,1.0,1.0,1.0,1.0,1.0,1.0,1.0
0.0,-1.0,-1.0,-1.0,-1.0,-1.0,-1.0,-1.0,-1.0,-1.0,-1.0,-1.0
0.0,-1.0,-1.0,-1.0,-1.0,-1.0,-1.0,-1.0,-1.0,-1.0,-1.0,-1.0
0.0,-1.0,-1.0,-1.0,-1.0,-1.0,-1.0,-1.0,-1.0,-1.0,-1.0,-1.0
0.0,-1.0,-1.0,-1.0,-1.0,-1.0,-1.0,-1.0,-1.0,-1.0,-1.0,-1.0
0.0,-1.0,-1.0,-1.0,-1.0,-1.0,-1.0,-1.0,-1.0,-1.0,-1.0,-1.0
0.0,-0.5250423296031819,-0.5250423296031819,-0.5250423296031819,-0.5250423296031819,-0.5250423296031819,-0.5250423296031819,-0.5250423296031819,-0.5250423296031819,-0.5250423296031819,-0.5250423296031819,-0.5250423296031819
0.0,-0.732760154401491,-0.732760154401491,-0.732760154401491,-0.732760154401491,-0.732760154401491,-0.732760154401491,-0.732760154401491,-0.732760154401491,-0.732760154401491,-0.732760154401491,-0.732760154401491
0.0,-0.7459684290777524,-0.7459684290777524,-0.7459684290777524,-0.7459684290777524,-0.7459684290777524,-0.7459684290777524,-0.7459684290777524,-0.7459684290777524,-0.7459684290777524,-0.7459684290777524,-0.7459684290777524
0.0,-1.0,-1.0,-1.0,-1.0,-1.0,-1.0,-1.0,-1.0,-1.0,-1.0,-1.0
0.0,-1.0,-1.0,-1.0,-1.0,-1.0,-1.0,-1.0,-1.0,-1.0,-1.0,-1.0
1.0,1.0,1.0,1.0,1.0,1.0,1.0,1.0,1.0,1.0,1.0,1.0
-0.768595041322314,-0.768595041322314,-0.768595041322314,-0.768595041322314,-0.768595041322314,-0.768595041322314,-0.768595041322314,-0.768595041322314,-0.768595041322314,-0.768595041322314,-0.768595041322314,-0.768595041322314
0.04722599305560278,0.04722599305560278,0.04722599305560278,0.04722599305560278,0.04722599305560278,0.04722599305560278,0.04722599305560278,0.04722599305560278,0.04722599305560278,0.04722599305560278,0.04722599305560278,0.04722599305560278
1.0,1.0,1.0,1.0,1.0,1.0,1.0,1.0,1.0,1.0,1.0,1.0
-0.9153528241236797,-0.9153528241236797,-0.9153528241236797,-0.9153528241236797,-0.9153528241236797,-0.9153528241236797,-0.9153528241236797,-0.9153528241236797,-0.9153528241236797,-0.9153528241236797,-0.9153528241236797,-0.9153528241236797
-1.0,-1.0,-1.0,-1.0,-1.0,-1.0,-1.0,-1.0,-1.0,-1.0,-1.0,-1.0
-1.0,-1.0,-1.0,-1.0,-1.0,-1.0,-1.0,-1.0,-1.0,-1.0,-1.0,-1.0
0.18935909253777655,0.18935909253777655,0.18935909253777655,0.18935909253777655,0.18935909253777655,0.18935909253777655,0.18935909253777655,0.18935909253777655,0.18935909253777655,0.18935909253777655,0.18935909253777655,0.18935909253777655
-0.705811769966464,-0.705811769966464,-0.705811769966464,-0.705811769966464,-0.705811769966464,-0.705811769966464,-0.705811769966464,-0.705811769966464,-0.705811769966464,-0.705811769966464,-0.705811769966464,-0.705811769966464
-0.5077224524862195,-0.5077224524862195,-0.5077224524862195,-0.5077224524862195,-0.5077224524862195,-0.5077224524862195,-0.5077224524862195,-0.5077224524862195,-0.5077224524862195,-0.5077224524862195,-0.5077224524862195,-0.5077224524862195
-0.8700053950135924,-0.8700053950135924,-0.8700053950135924,-0.8700053950135924,-0.8700053950135924,-0.8700053950135924,-0.8700053950135924,-0.8700053950135924,-0.8700053950135924,-0.8700053950135924,-0.8700053950135924,-0.8700053950135924
0.7118114703156233,0.7118114703156233,0.7118114703156233,0.7118114703156233,0.7118114703156233,0.7118114703156233,0.7118114703156233,0.7118114703156233,0.7118114703156233,0.7118114703156233,0.7118114703156233,0.7118114703156233
1.0,1.0,1.0,1.0,1.0,1.0,1.0,1.0,1.0,1.0,1.0,1.0
-1.0,-1.0,-1.0,-1.0,-1.0,-1.0,-1.0,-1.0,-1.0,-1.0,-1.0,-1.0
-1.0,-1.0,-1.0,-1.0,-1.0,-1.0,-1.0,-1.0,-1.0,-1.0,-1.0,-1.0
-1.0,-1.0,-1.0,-1.0,-1.0,-1.0,-1.0,-1.0,-1.0,-1.0,-1.0,-1.0
-1.0,-1.0,-1.0,-1.0,-1.0,-1.0,-1.0,-1.0,-1.0,-1.0,-1.0,-1.0
-1.0,-1.0,-1.0,-1.0,-1.0,-1.0,-1.0,-1.0,-1.0,-1.0,-1.0,-1.0
-0.4655895820611206,-0.4655895820611206,-0.4655895820611206,-0.4655895820611206,-0.4655895820611206,-0.4655895820611206,-0.4655895820611206,-0.4655895820611206,-0.4655895820611206,-0.4655895820611206,-0.4655895820611206,-0.4655895820611206
-0.7052259410487491,-0.7052259410487491,-0.7052259410487491,-0.7052259410487491,-0.7052259410487491,-0.7052259410487491,-0.7052259410487491,-0.7052259410487491,-0.7052259410487491,-0.7052259410487491,-0.7052259410487491,-0.7052259410487491
-0.7360823239475353,-0.7360823239475353,-0.7360823239475353,-0.7360823239475353,-0.7360823239475353,-0.7360823239475353,-0.7360823239475353,-0.7360823239475353,-0.7360823239475353,-0.7360823239475353,-0.7360823239475353,-0.7360823239475353
-1.0,-1.0,-1.0,-1.0,-1.0,-1.0,-1.0,-1.0,-1.0,-1.0,-1.0,-1.0
-1.0,-1.0,-1.0,-1.0,-1.0,-1.0,-1.0,-1.0,-1.0,-1.0,-1.0,-1.0
-1.0,-1.0,1.0,-1.0,-1.0,-1.0,1.0,-1.0,1.0,-1.0,1.0,-1.0
-1.0,-1.0,-1.0,-1.0,-1.0,-1.0,-1.0,-1.0,-1.0,-1.0,-1.0,-1.0
-1.0,-1.0,-1.0,-1.0,-1.0,-1.0,-1.0,-1.0,-1.0,-1.0,-1.0,-1.0
-1.0,-1.0,-1.0,-1.0,-1.0,-1.0,-1.0,-1.0,-1.0,-1.0,-1.0,-1.0
-1.0,-1.0,-1.0,-1.0,-1.0,-1.0,-1.0,-1.0,-1.0,-1.0,-1.0,-1.0
-1.0,-1.0,-1.0,-1.0,-1.0,-1.0,-1.0,-1.0,-1.0,-1.0,-1.0,-1.0
-1.0,-1.0,-1.0,-1.0,-1.0,-1.0,-1.0,-1.0,-1.0,-1.0,-1.0,-1.0
-1.0,-1.0,-1.0,-1.0,-1.0,-1.0,-1.0,-1.0,-1.0,-1.0,-1.0,-1.0
-1.0,-1.0,-1.0,-1.0,-1.0,-1.0,-1.0,-1.0,-1.0,-1.0,-1.0,-1.0
-1.0,-1.0,-1.0,-1.0,-1.0,-1.0,-1.0,-1.0,-1.0,-1.0,-1.0,-1.0
-1.0,-1.0,-1.0,-1.0,-1.0,-1.0,-1.0,-1.0,-1.0,-1.0,-1.0,-1.0
-1.0,-1.0,-1.0,-1.0,-1.0,-1.0,-1.0,-1.0,-1.0,-1.0,-1.0,-1.0
-1.0,-1.0,-1.0,-1.0,-1.0,-1.0,-1.0,-1.0,-1.0,-1.0,-1.0,-1.0
-1.0,-1.0,-1.0,-1.0,-1.0,-1.0,-1.0,-1.0,-1.0,-1.0,-1.0,-1.0
-1.0,-1.0,-1.0,-1.0,-1.0,-1.0,-1.0,-1.0,-1.0,-1.0,-1.0,-1.0
-1.0,-1.0,-1.0,-1.0,-1.0,-1.0,-1.0,-1.0,-1.0,-1.0,-1.0,-1.0
-1.0,-1.0,-1.0,-1.0,-1.0,-1.0,-1.0,-1.0,-1.0,-1.0,-1.0,-1.0
-1.0,-1.0,-1.0,-1.0,-1.0,-1.0,-1.0,-1.0,-1.0,-1.0,-1.0,-1.0
-1.0,-1.0,-1.0,-1.0,-1.0,-1.0,-1.0,-1.0,-1.0,-1.0,-1.0,-1.0